user_id,gender,postal_code
0,female,10977
6,female,33168
7,female,26104
10,female,77433
16,female,75228
17,female,75228
18,female,75033
32,female,28269
34,female,92109
37,female,92109
38,female,98409
44,female,31320
50,female,30238
53,female,92336
55,female,98409
56,female,98409
58,female,98409
60,female,11021
61,female,63653
62,female,24095
65,female,92336
68,female,39740
69,female,7416
73,female,34753
74,female,92336
77,female,34753
79,female,24095
81,female,29483
82,female,92336
86,female,95123
90,female,33584
91,female,92019
96,female,34753
97,female,11378
98,female,92336
99,female,34753
100,female,32908
102,female,39740
103,female,34753
104,female,29483
105,female,32703
106,female,2152
107,female,92336
109,female,11378
115,female,34753
118,female,35810
121,female,34753
127,female,63653
128,female,33584
130,female,10458
131,female,30907
134,female,17602
136,female,17602
139,female,17602
141,female,30907
143,female,17602
144,female,17602
148,female,17602
152,female,78109
155,female,92602
159,female,2152
160,female,33584
162,female,99701
173,female,41835
182,female,30907
184,female,86406
185,female,73110
188,female,30316
192,female,90712
197,female,6051
200,female,6051
202,female,30907
204,female,6051
206,female,73110
207,female,30907
210,female,30907
214,female,71909
219,female,8043
222,female,17512
224,female,49307
226,female,17512
228,female,49307
230,female,75402
232,female,22204
234,female,78210
235,female,49307
239,female,37087
243,female,49307
246,female,33584
250,female,32431
251,female,92019
253,female,49307
264,female,32431
273,female,80503
275,female,77388
276,female,30215
279,female,17512
283,female,77375
288,female,33584
291,female,30215
293,female,21244
295,female,89511
297,female,17512
299,female,30215
301,female,30215
302,female,30215
303,female,30215
304,female,71909
305,female,71909
308,female,85034
310,female,36277
311,female,85034
313,female,71909
318,female,85034
322,female,85034
323,female,71909
326,female,30215
328,female,46561
330,female,85034
332,female,46561
337,female,85034
339,female,32811
340,female,71909
341,female,46561
343,female,85034
345,female,46561
346,female,46561
347,female,71909
353,female,71909
355,female,17512
356,female,17512
357,female,17512
360,female,47001
364,female,17512
369,female,45327
370,female,38587
372,female,85034
374,female,78109
380,female,78109
386,female,33313
390,female,92019
395,female,49508
399,female,60458
400,female,20770
401,female,78109
403,female,49508
409,female,30096
410,female,13060
419,female,66104
420,female,21209
424,female,37213
429,female,19134
443,female,49508
444,female,27834
446,female,63640
447,female,95002
449,female,49508
452,female,55721
454,female,83704
456,female,45203
458,female,83704
459,female,83704
460,female,63640
464,female,61822
472,female,55721
474,female,63640
476,female,91789
477,female,77502
481,female,98002
482,female,98002
483,female,77502
484,female,92582
486,female,79605
489,female,92582
492,female,79605
496,female,43081
501,female,29229
502,female,79605
504,female,28677
508,female,11210
509,female,77502
512,female,79605
521,female,98036
522,female,49508
525,female,95076
527,female,29229
530,female,29229
532,female,55721
536,female,21613
539,female,61102
541,female,61102
544,female,61102
547,female,91709
550,female,53534
554,female,61102
560,female,61102
561,female,31316
562,female,95111
564,female,17257
568,female,57719
569,female,6762
573,female,57719
575,female,75024
578,female,91789
579,female,92887
580,female,6010
581,female,6762
584,female,19720
586,female,29506
599,female,19720
601,female,45723
602,female,60634
606,female,98002
609,female,21613
612,female,6762
614,female,75211
616,female,91789
619,female,98002
621,female,96819
622,female,61102
623,female,60634
627,female,91789
628,female,8069
629,female,96819
631,female,19720
635,female,96819
637,female,75211
639,female,60634
640,female,8069
644,female,60634
648,female,18634
651,female,8069
655,female,75001
656,female,8069
658,female,27545
669,female,75001
678,female,75001
680,female,75001
681,female,19720
684,female,55721
688,female,43081
693,female,31082
696,female,20165
698,female,27545
700,female,27545
702,female,57719
703,female,27560
705,female,13060
708,female,42101
711,female,11412
725,female,44120
726,female,52806
728,female,30101
730,female,91789
731,female,52806
738,female,52806
754,female,32256
756,female,12035
758,female,32256
765,female,75225
770,female,75211
774,female,62565
775,female,29669
778,female,28092
780,female,32256
781,female,1545
782,female,32256
784,female,32256
788,female,77301
791,female,62441
792,female,32256
794,female,32256
797,female,6489
810,female,85648
817,female,26003
818,female,50014
819,female,26003
821,female,26003
823,female,91360
824,female,10469
825,female,91360
827,female,2148
834,female,2148
835,female,36301
840,female,36301
841,female,2148
846,female,2148
847,female,1610
858,female,26003
860,female,86406
863,female,25839
864,female,32431
875,female,8060
876,female,43610
878,female,50014
879,female,29073
880,female,34748
884,female,29170
888,female,21224
889,female,29073
890,female,50014
892,female,50014
894,female,50014
895,female,50014
906,female,50014
910,female,78660
911,female,37664
912,female,37664
913,female,29170
916,female,50014
917,female,37664
918,female,34653
920,female,27214
924,female,27214
928,female,81050
933,female,30324
935,female,30324
937,female,92505
938,female,59860
939,female,48206
942,female,78227
943,female,1879
946,female,33024
948,female,1879
950,female,92505
955,female,1879
956,female,92505
958,female,1879
963,female,1879
968,female,92505
969,female,1879
973,female,83864
978,female,83864
981,female,92505
982,female,28734
985,female,11201
988,female,92505
997,female,77037
999,female,6489
1003,female,48141
1004,female,77037
1006,female,92064
1009,female,20903
1010,female,60473
1014,female,19601
1016,female,14305
1021,female,36301
1022,female,19601
1025,female,20903
1033,female,92109
1035,female,53094
1041,female,40047
1044,female,19601
1050,female,44820
1052,female,1945
1054,female,44820
1058,female,1945
1060,female,1945
1062,female,88101
1064,female,60634
1067,female,77586
1068,female,14701
1069,female,92394
1072,female,14701
1073,female,14701
1075,female,71438
1076,female,14701
1079,female,27569
1080,female,19145
1081,female,70374
1083,female,13636
1084,female,29583
1087,female,70374
1094,female,70374
1098,female,70374
1105,female,11356
1107,female,24201
1108,female,33313
1110,female,33313
1115,female,8086
1118,female,5701
1120,female,60623
1122,female,38701
1125,female,60623
1128,female,60623
1136,female,98199
1139,female,60623
1142,female,29571
1144,female,44131
1145,female,60623
1147,female,60623
1152,female,60623
1154,female,33578
1158,female,60623
1164,female,29571
1167,female,15061
1173,female,15061
1182,female,72834
1186,female,85037
1187,female,85037
1188,female,85037
1192,female,10805
1193,female,85037
1196,female,87031
1202,female,24701
1203,female,95367
1208,female,85205
1209,female,89032
1210,female,98036
1219,female,8527
1220,female,27534
1221,female,27534
1224,female,33137
1226,female,29303
1229,female,33137
1230,female,97222
1236,female,14222
1237,female,33137
1238,female,97222
1242,female,33137
1243,female,33137
1244,female,97222
1246,female,33137
1249,female,97222
1250,female,97222
1254,female,32621
1255,female,94043
1258,female,33137
1263,female,94043
1266,female,95824
1268,female,77389
1271,female,95864
1278,female,77389
1280,female,97754
1286,female,89031
1289,female,89031
1291,female,89031
1294,female,37052
1296,female,45218
1304,female,77029
1313,female,77029
1315,female,77029
1317,female,63366
1318,female,83864
1320,female,32526
1321,female,32526
1322,female,71075
1325,female,8060
1329,female,75501
1330,female,71075
1331,female,71075
1333,female,96749
1334,female,71075
1336,female,75033
1340,female,75033
1344,female,71075
1351,female,77029
1354,female,75501
1357,female,31093
1360,female,36301
1362,female,36301
1363,female,36301
1365,female,36301
1368,female,75501
1369,female,8010
1370,female,95841
1372,female,75501
1376,female,75501
1378,female,26280
1380,female,75501
1382,female,75501
1384,female,26508
1385,female,98043
1386,female,85037
1389,female,98043
1391,female,33446
1394,female,98043
1395,female,98043
1399,female,75501
1406,female,60110
1408,female,26508
1410,female,60110
1417,female,26508
1419,female,75501
1420,female,60110
1422,female,60110
1427,female,60110
1430,female,60110
1437,female,26508
1439,female,26508
1441,female,77029
1447,female,96819
1452,female,90210
1454,female,57104
1456,female,57104
1460,female,57104
1463,female,75702
1465,female,57104
1467,female,32609
1469,female,75702
1470,female,32609
1472,female,75702
1478,female,84044
1486,female,60634
1489,female,84044
1492,female,60634
1493,female,75702
1494,female,84044
1500,female,60634
1501,female,1841
1505,female,34711
1511,female,70805
1512,female,67045
1514,female,38114
1517,female,60452
1519,female,93245
1521,female,60452
1526,female,60452
1527,female,60452
1530,female,40047
1533,female,53226
1537,female,17202
1538,female,61101
1539,female,60804
1542,female,67501
1544,female,95111
1549,female,70401
1557,female,60452
1564,female,61101
1565,female,79930
1566,female,61101
1568,female,61101
1570,female,55311
1572,female,61101
1576,female,55311
1577,female,61101
1580,female,56601
1581,female,61101
1583,female,17202
1584,female,90011
1589,female,94605
1594,female,90011
1596,female,90011
1597,female,92532
1599,female,55311
1602,female,17202
1604,female,60452
1609,female,82435
1614,female,83704
1618,female,83704
1622,female,90011
1629,female,63701
1634,female,67501
1639,female,82435
1646,female,67501
1648,female,82435
1649,female,67501
1650,female,33060
1652,female,33313
1655,female,98043
1656,female,98043
1657,female,98043
1660,female,12401
1661,female,99701
1662,female,98043
1664,female,82435
1666,female,17202
1667,female,98043
1668,female,90011
1672,female,83651
1673,female,98043
1674,female,98043
1681,female,98043
1684,female,60502
1686,female,37918
1688,female,27263
1695,female,42330
1696,female,37918
1697,female,17202
1700,female,33060
1702,female,33060
1708,female,99508
1709,female,46227
1721,female,2148
1723,female,30019
1725,female,72450
1738,female,78130
1739,female,30019
1749,female,75087
1753,female,55311
1755,female,64801
1756,female,78109
1758,female,78648
1764,female,55311
1765,female,64801
1774,female,31088
1776,female,64801
1784,female,30132
1785,female,80011
1790,female,76112
1796,female,34741
1798,female,75126
1803,female,32204
1805,female,75126
1810,female,29303
1812,female,11706
1815,female,19140
1816,female,30153
1817,female,14612
1822,female,30132
1828,female,30132
1836,female,30132
1837,female,30132
1842,female,40228
1844,female,40228
1846,female,93638
1848,female,40228
1849,female,6489
1854,female,54932
1855,female,40228
1863,female,97222
1864,female,40228
1868,female,40503
1869,female,40503
1870,female,23605
1874,female,97222
1875,female,46406
1880,female,36066
1882,female,46406
1886,female,8060
1889,female,13642
1891,female,57701
1895,female,8060
1897,female,1845
1908,female,11751
1909,female,11751
1914,female,49423
1915,female,99508
1916,female,99508
1917,female,33594
1920,female,89032
1921,female,99508
1930,female,48745
1932,female,48745
1937,female,48745
1939,female,28412
1940,female,87732
1942,female,51351
1944,female,77074
1948,female,48745
1950,female,73801
1952,female,29468
1953,female,48745
1956,female,87732
1960,female,57067
1963,female,57067
1964,female,29468
1965,female,57067
1967,female,48507
1970,female,48745
1974,female,30241
1976,female,57067
1979,female,57067
1980,female,87732
1981,female,60188
1983,female,93035
1987,female,2860
1992,female,4047
1993,female,60188
1997,female,30101
1998,female,76116
1999,female,71101
2001,female,31082
2002,female,36553
2006,female,93312
2010,female,27597
2013,female,36553
2017,female,49835
2018,female,1841
2022,female,1841
2024,female,43228
2029,female,1841
2037,female,43228
2038,female,1841
2039,female,33556
2043,female,1841
2046,female,29654
2048,female,19401
2049,female,43228
2050,female,30132
2051,female,1841
2052,female,33556
2053,female,19401
2055,female,43228
2056,female,72764
2059,female,93726
2062,female,30132
2069,female,30132
2072,female,72764
2075,female,30132
2078,female,72764
2079,female,43228
2080,female,18109
2081,female,19403
2088,female,96003
2090,female,19403
2093,female,19403
2094,female,19403
2097,female,92887
2099,female,96003
2102,female,93001
2104,female,29583
2108,female,29583
2110,female,34233
2111,female,29583
2113,female,96003
2126,female,29583
2138,female,29583
2139,female,96003
2140,female,93001
2142,female,92887
2145,female,92109
2150,female,42633
2152,female,42633
2155,female,91505
2158,female,91505
2160,female,43050
2161,female,54650
2164,female,33417
2165,female,42633
2168,female,24870
2170,female,42633
2173,female,42633
2175,female,33101
2177,female,76522
2179,female,76522
2180,female,76522
2184,female,33101
2186,female,75092
2187,female,76522
2189,female,76522
2193,female,76522
2195,female,76522
2197,female,76522
2202,female,76522
2203,female,61726
2209,female,61726
2211,female,61726
2217,female,67037
2222,female,61726
2226,female,20903
2227,female,33417
2231,female,30477
2234,female,33411
2236,female,30477
2239,female,30477
2247,female,30477
2253,female,30477
2255,female,33616
2260,female,30477
2264,female,33511
2266,female,11751
2267,female,55720
2268,female,11751
2276,female,30477
2280,female,33411
2282,female,23072
2284,female,33411
2289,female,25162
2294,female,33411
2297,female,52033
2299,female,39440
2302,female,28673
2311,female,83402
2315,female,20012
2319,female,52033
2320,female,11751
2321,female,27713
2323,female,52033
2324,female,27713
2325,female,75402
2326,female,52033
2327,female,52033
2332,female,52033
2334,female,42749
2337,female,52033
2339,female,77471
2343,female,30132
2344,female,49437
2350,female,27410
2351,female,75402
2352,female,52033
2359,female,11378
2365,female,19149
2368,female,46032
2371,female,95014
2373,female,14701
2375,female,12203
2380,female,8086
2382,female,46406
2390,female,27706
2391,female,1803
2393,female,85140
2396,female,91011
2398,female,1803
2399,female,46406
2400,female,11950
2402,female,48161
2404,female,11950
2407,female,11950
2410,female,90011
2411,female,11950
2412,female,33773
2413,female,33773
2415,female,11950
2416,female,11950
2417,female,40601
2418,female,11950
2424,female,11950
2427,female,92274
2428,female,11950
2429,female,40601
2430,female,8086
2432,female,98683
2436,female,40601
2438,female,40601
2439,female,8086
2442,female,23451
2444,female,40601
2447,female,11950
2449,female,22980
2450,female,8086
2451,female,11950
2452,female,95961
2453,female,95961
2457,female,47905
2463,female,32621
2469,female,95961
2470,female,30071
2471,female,29464
2474,female,47905
2475,female,95961
2477,female,7663
2480,female,47905
2484,female,89032
2491,female,47905
2492,female,60618
2496,female,47905
2499,female,23504
2500,female,43302
2501,female,60618
2503,female,11706
2504,female,85257
2505,female,37830
2514,female,10805
2516,female,43302
2519,female,16101
2520,female,43119
2523,female,60618
2524,female,16101
2528,female,26032
2529,female,43302
2530,female,7663
2531,female,46221
2532,female,46221
2536,female,34667
2537,female,46221
2543,female,1845
2547,female,46221
2548,female,43302
2549,female,60618
2554,female,60402
2555,female,46221
2558,female,10805
2565,female,60618
2566,female,37814
2567,female,2760
2568,female,60618
2573,female,46221
2574,female,60618
2575,female,60618
2582,female,11751
2584,female,68801
2585,female,20004
2589,female,8086
2591,female,19966
2593,female,19966
2594,female,10805
2595,female,83336
2596,female,34667
2597,female,19966
2598,female,76063
2599,female,19966
2600,female,68801
2607,female,21239
2608,female,19966
2619,female,19966
2621,female,36083
2624,female,36083
2625,female,76039
2626,female,36083
2628,female,71222
2629,female,36083
2630,female,19966
2631,female,36083
2635,female,36083
2639,female,1845
2643,female,36083
2650,female,25177
2659,female,77581
2660,female,1845
2662,female,1845
2663,female,8086
2667,female,34667
2668,female,1610
2669,female,11208
2672,female,1610
2675,female,28411
2681,female,37166
2682,female,70816
2684,female,70816
2687,female,25839
2688,female,1610
2692,female,64836
2693,female,1610
2694,female,36083
2695,female,30421
2701,female,70816
2702,female,1845
2706,female,36083
2707,female,27527
2711,female,28212
2712,female,46217
2715,female,98661
2717,female,46217
2718,female,78210
2721,female,70816
2722,female,46217
2729,female,46217
2731,female,98661
2734,female,44129
2737,female,98661
2740,female,37211
2744,female,44129
2750,female,98661
2751,female,92707
2752,female,64078
2754,female,75234
2755,female,98661
2756,female,34474
2757,female,75180
2760,female,29650
2761,female,48047
2762,female,13041
2763,female,98661
2765,female,75234
2767,female,29650
2768,female,21213
2769,female,1845
2771,female,29650
2772,female,75234
2773,female,47586
2774,female,77034
2775,female,1845
2776,female,75234
2778,female,13041
2779,female,84737
2782,female,7017
2784,female,60618
2785,female,26062
2788,female,1375
2792,female,13041
2793,female,39428
2798,female,10460
2800,female,60163
2801,female,76115
2802,female,10460
2803,female,32811
2812,female,19530
2813,female,60163
2814,female,7017
2817,female,40051
2820,female,40051
2824,female,40051
2825,female,60618
2834,female,4401
2835,female,77089
2836,female,31709
2837,female,38104
2838,female,19131
2840,female,78264
2841,female,31709
2842,female,24266
2846,female,20783
2848,female,20783
2856,female,40051
2857,female,31709
2860,female,40051
2861,female,31709
2862,female,40051
2863,female,72764
2865,female,60564
2867,female,18017
2868,female,75052
2869,female,72764
2870,female,18017
2874,female,33025
2875,female,71301
2878,female,28610
2879,female,29053
2884,female,95367
2890,female,44114
2891,female,44114
2892,female,27263
2893,female,72601
2894,female,40051
2895,female,27263
2897,female,40051
2898,female,11235
2900,female,27263
2901,female,62203
2904,female,20853
2905,female,16033
2908,female,27263
2915,female,25839
2919,female,6605
2921,female,23234
2923,female,6605
2925,female,80011
2926,female,27263
2927,female,48507
2928,female,6605
2929,female,25839
2930,female,78254
2931,female,21619
2933,female,21619
2934,female,21120
2935,female,21619
2936,female,75092
2937,female,19124
2938,female,21619
2942,female,18064
2943,female,21120
2944,female,33480
2945,female,21619
2946,female,73112
2947,female,21120
2949,female,24293
2951,female,21120
2952,female,44256
2953,female,75092
2954,female,21619
2955,female,6605
2960,female,28906
2962,female,28906
2963,female,66067
2966,female,21120
2967,female,10027
2974,female,78539
2976,female,33012
2978,female,20165
2981,female,21120
2984,female,28906
2990,female,27534
2991,female,33012
2993,female,73099
2996,female,2131
2997,female,28906
2998,female,21619
2999,female,75092
3000,female,20165
3001,female,21619
3003,female,21120
3009,female,28328
3012,female,28328
3020,female,28906
3026,female,27534
3027,female,28328
3028,female,33063
3029,female,28328
3030,female,28906
3031,female,33012
3032,female,73018
3033,female,91702
3035,female,33417
3037,female,28328
3040,female,33012
3042,female,91702
3043,female,28906
3044,female,27534
3045,female,27534
3046,female,33012
3049,female,2131
3051,female,27516
3052,female,33480
3056,female,91702
3058,female,33417
3059,female,33480
3063,female,89121
3066,female,33480
3069,female,21619
3070,female,78210
3072,female,33417
3074,female,11232
3076,female,21619
3077,female,25839
3082,female,78210
3083,female,78210
3084,female,27103
3085,female,38118
3086,female,46996
3087,female,28906
3088,female,52001
3090,female,32810
3091,female,78210
3092,female,46996
3093,female,28906
3094,female,67401
3097,female,37130
3102,female,46996
3103,female,67401
3106,female,37130
3107,female,98272
3116,female,90005
3117,female,23185
3122,female,44256
3124,female,2860
3126,female,98272
3128,female,37130
3129,female,44256
3130,female,67401
3131,female,67401
3132,female,78210
3135,female,67401
3138,female,33063
3141,female,20603
3142,female,24201
3143,female,98272
3144,female,67401
3151,female,46996
3152,female,97330
3153,female,44256
3156,female,67401
3157,female,44256
3160,female,44256
3162,female,21213
3166,female,7419
3169,female,47265
3173,female,45601
3176,female,45601
3177,female,33458
3182,female,7419
3183,female,45601
3184,female,42327
3185,female,92083
3188,female,63841
3192,female,92083
3193,female,29506
3195,female,45601
3196,female,92083
3198,female,53142
3199,female,37660
3201,female,92083
3204,female,92083
3205,female,92083
3206,female,37660
3208,female,92083
3211,female,14850
3213,female,14850
3214,female,77433
3215,female,33773
3216,female,92083
3217,female,37660
3222,female,48433
3226,female,33012
3228,female,37660
3229,female,32204
3234,female,10805
3238,female,60502
3242,female,78572
3244,female,78572
3252,female,2760
3254,female,76021
3256,female,78701
3259,female,77433
3260,female,37660
3263,female,2760
3265,female,2760
3266,female,2171
3270,female,77433
3271,female,78572
3278,female,1610
3279,female,1610
3280,female,76112
3282,female,6108
3283,female,1610
3284,female,78249
3285,female,76112
3286,female,1610
3287,female,78249
3290,female,37660
3293,female,78249
3295,female,77433
3296,female,2131
3298,female,10011
3300,female,78249
3302,female,79912
3303,female,33186
3306,female,14223
3307,female,33012
3308,female,24736
3309,female,72118
3312,female,24736
3314,female,2131
3319,female,33950
3325,female,24736
3326,female,33415
3329,female,24736
3336,female,19145
3338,female,24736
3339,female,19145
3340,female,33415
3342,female,77433
3343,female,77433
3344,female,72601
3346,female,24736
3348,female,72601
3353,female,24736
3354,female,33411
3355,female,19145
3356,female,76544
3357,female,78249
3364,female,33415
3366,female,92105
3369,female,19446
3370,female,33415
3371,female,72601
3374,female,33415
3375,female,27529
3379,female,33415
3380,female,21401
3381,female,72601
3383,female,44224
3389,female,50317
3390,female,72601
3395,female,24201
3397,female,27529
3398,female,93308
3403,female,92122
3404,female,70719
3406,female,68512
3407,female,68512
3408,female,24201
3410,female,60502
3413,female,27529
3414,female,68512
3415,female,27529
3418,female,24557
3420,female,27529
3421,female,27529
3422,female,68512
3428,female,48223
3429,female,48223
3431,female,48223
3436,female,24557
3438,female,72227
3439,female,48223
3440,female,48223
3444,female,7111
3447,female,72227
3450,female,24557
3451,female,48223
3453,female,48223
3456,female,40051
3460,female,22191
3462,female,60194
3469,female,48858
3472,female,8021
3481,female,27534
3484,female,34667
3485,female,11233
3487,female,85202
3489,female,13676
3490,female,17331
3491,female,85202
3492,female,85202
3494,female,20002
3495,female,24557
3496,female,13676
3498,female,24019
3504,female,13676
3507,female,29583
3509,female,55437
3510,female,25839
3512,female,29583
3513,female,70816
3516,female,78586
3518,female,2025
3520,female,70816
3521,female,3220
3522,female,29479
3524,female,78586
3525,female,39073
3526,female,78586
3527,female,53202
3528,female,48220
3531,female,74145
3533,female,44256
3534,female,74145
3535,female,74145
3536,female,78586
3543,female,74145
3545,female,74145
3546,female,60435
3548,female,75454
3549,female,78586
3551,female,75454
3553,female,40504
3554,female,40504
3557,female,78586
3559,female,28405
3562,female,25839
3568,female,46226
3569,female,62203
3574,female,47905
3578,female,47905
3579,female,77701
3581,female,62203
3583,female,14222
3585,female,29611
3586,female,77701
3590,female,64127
3591,female,29611
3592,female,77701
3599,female,46222
3600,female,46222
3602,female,29611
3605,female,46222
3607,female,46222
3611,female,78228
3614,female,78228
3617,female,46222
3622,female,27869
3625,female,73018
3626,female,73018
3627,female,48312
3628,female,73018
3630,female,48312
3631,female,48312
3632,female,73018
3633,female,65757
3636,female,48312
3637,female,8611
3638,female,8611
3640,female,48312
3643,female,8611
3647,female,65757
3652,female,65757
3654,female,65757
3655,female,48141
3656,female,76528
3661,female,76528
3667,female,73018
3676,female,76103
3677,female,76103
3678,female,77037
3679,female,76103
3683,female,48141
3684,female,76103
3687,female,98232
3689,female,48141
3690,female,76103
3692,female,55430
3696,female,77657
3697,female,77657
3701,female,20002
3703,female,20002
3710,female,54751
3711,female,20002
3713,female,62002
3714,female,20002
3715,female,78723
3716,female,78723
3717,female,20002
3719,female,20002
3721,female,20002
3722,female,27589
3724,female,27589
3726,female,27589
3728,female,27589
3729,female,27589
3730,female,27589
3731,female,27589
3733,female,27589
3736,female,27589
3737,female,27589
3738,female,27589
3744,female,62025
3745,female,38134
3746,female,28801
3750,female,35044
3751,female,62025
3755,female,35044
3760,female,38134
3766,female,38134
3771,female,38134
3778,female,60502
3779,female,35044
3780,female,35044
3782,female,35044
3784,female,62025
3789,female,92020
3790,female,60502
3794,female,78210
3795,female,78210
3796,female,10469
3799,female,78210
3800,female,3104
3801,female,3104
3802,female,95209
3803,female,78210
3804,female,62025
3805,female,40117
3807,female,95209
3808,female,3104
3810,female,92010
3812,female,76109
3815,female,60502
3817,female,3104
3819,female,60502
3822,female,65301
3824,female,60502
3826,female,6855
3828,female,65301
3829,female,60502
3840,female,28422
3844,female,28422
3846,female,28422
3848,female,36832
3849,female,28422
3850,female,30252
3851,female,28422
3855,female,77831
3860,female,30252
3863,female,91910
3867,female,28422
3870,female,65301
3873,female,65301
3874,female,30252
3875,female,91910
3876,female,28422
3877,female,30252
3882,female,30906
3884,female,11369
3885,female,30252
3887,female,30458
3890,female,30906
3892,female,34614
3894,female,91910
3896,female,36832
3897,female,30252
3904,female,13676
3905,female,91910
3917,female,90291
3918,female,90291
3919,female,19140
3920,female,11369
3921,female,30906
3922,female,30906
3928,female,90291
3930,female,90291
3931,female,30906
3933,female,11364
3937,female,19140
3938,female,90291
3940,female,11369
3941,female,19140
3942,female,95220
3944,female,89031
3946,female,30906
3953,female,19140
3957,female,90291
3959,female,95220
3963,female,95220
3964,female,90064
3966,female,95220
3967,female,95121
3968,female,89031
3972,female,77581
3973,female,77581
3974,female,39071
3976,female,39071
3979,female,11219
3989,female,93308
3990,female,93308
3991,female,48219
3993,female,67401
3996,female,55372
4001,female,48212
4002,female,48219
4003,female,39501
4005,female,48219
4006,female,7107
4008,female,39209
4016,female,93308
4018,female,93308
4020,female,93308
4022,female,7107
4023,female,7107
4026,female,20165
4027,female,48219
4028,female,8053
4029,female,8053
4030,female,30329
4031,female,8053
4032,female,48219
4035,female,39073
4036,female,7107
4041,female,76017
4042,female,30329
4043,female,48219
4044,female,76017
4048,female,48219
4049,female,85225
4050,female,76017
4051,female,7107
4054,female,85225
4055,female,39073
4059,female,85225
4061,female,10461
4069,female,98661
4073,female,27869
4074,female,30558
4076,female,98661
4077,female,1604
4081,female,7107
4083,female,98661
4084,female,27869
4085,female,30558
4086,female,98272
4087,female,98661
4089,female,7107
4095,female,62702
4096,female,39073
4100,female,97219
4104,female,93923
4106,female,97219
4109,female,63401
4113,female,28518
4114,female,80816
4115,female,32176
4117,female,76116
4118,female,89110
4119,female,32176
4121,female,76116
4123,female,70560
4124,female,70560
4125,female,92691
4126,female,80816
4127,female,70560
4128,female,39073
4129,female,70560
4130,female,39073
4133,female,44509
4134,female,92691
4137,female,25839
4142,female,92691
4147,female,80816
4149,female,34759
4151,female,70560
4153,female,11224
4154,female,34759
4157,female,25839
4159,female,32725
4160,female,11224
4164,female,39073
4165,female,25839
4169,female,39073
4173,female,95667
4174,female,80816
4178,female,25839
4179,female,34759
4180,female,32725
4183,female,37811
4184,female,80816
4186,female,92691
4187,female,70560
4188,female,34759
4195,female,11224
4196,female,75149
4197,female,92691
4198,female,34759
4199,female,37811
4200,female,80816
4201,female,37210
4203,female,95667
4204,female,11224
4206,female,37811
4210,female,37811
4211,female,95667
4213,female,11224
4215,female,24293
4216,female,92691
4218,female,11224
4219,female,34759
4220,female,4096
4222,female,37811
4224,female,37811
4227,female,11224
4230,female,80816
4232,female,11224
4234,female,24293
4235,female,37865
4238,female,34667
4239,female,24293
4240,female,31904
4241,female,37811
4242,female,10011
4245,female,37811
4247,female,34667
4250,female,4096
4251,female,76017
4256,female,91767
4258,female,4096
4260,female,49835
4262,female,24293
4264,female,77015
4265,female,29349
4266,female,76017
4267,female,34667
4269,female,93308
4272,female,34667
4275,female,93308
4276,female,13903
4278,female,34667
4281,female,93308
4282,female,77386
4283,female,93308
4284,female,43623
4285,female,77386
4286,female,75028
4288,female,77386
2,male,98409
3,male,39740
4,male,33168
9,male,33168
11,male,11354
12,male,29461
14,male,39531
19,male,24095
21,male,30238
22,male,35006
24,male,98409
25,male,28269
27,male,28269
28,male,24095
30,male,24095
36,male,29461
40,male,29461
43,male,92109
46,male,98409
47,male,92109
51,male,92109
54,male,98409
59,male,92336
63,male,98409
64,male,30238
67,male,92336
80,male,34753
84,male,32218
85,male,95123
87,male,34753
88,male,27408
92,male,34753
93,male,39740
94,male,95123
95,male,95123
101,male,92336
108,male,34753
111,male,33584
112,male,92336
113,male,34753
114,male,92336
119,male,39740
122,male,30907
124,male,34753
126,male,32730
129,male,2152
132,male,17602
137,male,17602
138,male,44256
142,male,33584
145,male,17602
146,male,30907
150,male,10458
151,male,76119
153,male,78109
154,male,33584
157,male,75462
161,male,30907
163,male,73159
164,male,17602
166,male,30907
168,male,2152
171,male,30907
172,male,2152
174,male,33584
175,male,78109
177,male,75052
179,male,95330
180,male,86406
181,male,95330
183,male,22204
186,male,19082
189,male,6051
190,male,37087
194,male,73110
195,male,6051
196,male,73110
205,male,71909
208,male,71909
211,male,53024
212,male,53024
216,male,22204
217,male,98043
218,male,36551
227,male,37087
229,male,37087
233,male,17512
236,male,22204
237,male,17512
241,male,49307
242,male,22204
244,male,22204
245,male,49307
248,male,49307
252,male,90011
254,male,32431
255,male,48167
257,male,61101
259,male,49307
262,male,77388
263,male,48167
265,male,77388
266,male,77388
268,male,77803
270,male,32431
271,male,77803
272,male,77388
274,male,30215
277,male,77803
280,male,30215
281,male,77803
285,male,30215
286,male,46368
287,male,77803
296,male,30215
300,male,60016
306,male,85034
307,male,30215
309,male,10469
315,male,90001
316,male,30215
336,male,46561
338,male,46561
342,male,79703
348,male,46561
350,male,85034
352,male,46561
363,male,62441
365,male,48167
367,male,62441
373,male,85034
375,male,16508
377,male,48167
378,male,38587
379,male,62441
381,male,48858
382,male,33313
385,male,25508
389,male,44106
393,male,48167
396,male,78648
397,male,19134
402,male,79415
404,male,13060
405,male,49508
407,male,29571
408,male,29571
413,male,33313
415,male,48167
417,male,13060
425,male,77059
431,male,19134
432,male,24736
433,male,19134
434,male,73127
435,male,19134
436,male,77469
438,male,91709
439,male,39082
445,male,46738
448,male,63640
451,male,77389
453,male,49508
457,male,19140
467,male,49508
469,male,63640
471,male,32405
478,male,98002
479,male,96727
480,male,24014
488,male,31602
490,male,40047
493,male,49508
494,male,24014
498,male,92582
499,male,49508
500,male,55331
503,male,55721
510,male,29229
511,male,55331
513,male,16602
516,male,77502
518,male,79605
520,male,77502
528,male,95076
534,male,29229
535,male,45203
538,male,55721
540,male,61102
543,male,92115
545,male,61102
546,male,61102
548,male,61102
549,male,55721
552,male,95111
553,male,49835
556,male,95111
558,male,61102
563,male,95111
565,male,6762
566,male,27545
570,male,95111
571,male,29229
574,male,6762
585,male,92887
587,male,76017
589,male,48017
591,male,28441
592,male,98002
594,male,57719
595,male,98002
600,male,21613
607,male,6762
611,male,62995
613,male,21613
615,male,55721
617,male,60634
624,male,55721
625,male,8069
632,male,75211
634,male,8069
638,male,8069
641,male,96819
642,male,75001
646,male,32256
647,male,19720
649,male,8069
650,male,75001
653,male,5086
657,male,79415
659,male,75001
660,male,19720
662,male,75001
664,male,57719
667,male,27545
668,male,75001
670,male,75211
671,male,13060
673,male,8069
675,male,11377
676,male,27545
677,male,75211
679,male,75211
682,male,8069
685,male,8069
686,male,19720
690,male,31082
691,male,27545
692,male,21206
701,male,27545
704,male,92021
710,male,62565
712,male,52806
713,male,75001
715,male,54615
716,male,44120
719,male,62565
721,male,67060
724,male,2891
729,male,44120
737,male,44120
739,male,46260
740,male,44120
743,male,44120
746,male,75211
747,male,60634
748,male,21206
749,male,60634
752,male,32256
755,male,92021
761,male,34474
766,male,66607
767,male,72601
769,male,6489
771,male,28092
772,male,75225
773,male,75225
776,male,34748
777,male,28092
790,male,66104
801,male,77089
802,male,77089
805,male,32431
808,male,62441
809,male,11003
812,male,89110
815,male,8010
822,male,2148
826,male,55720
829,male,26003
836,male,91360
838,male,92887
843,male,26003
848,male,26003
850,male,36301
851,male,36301
852,male,26003
855,male,26003
862,male,26003
868,male,26003
871,male,41179
874,male,50014
881,male,29170
882,male,30311
883,male,50014
885,male,29073
886,male,90017
887,male,11221
897,male,43224
899,male,14052
900,male,43224
901,male,43224
907,male,33060
908,male,11751
909,male,32431
915,male,37664
919,male,48507
921,male,95388
922,male,27858
926,male,42754
929,male,27263
930,male,79938
932,male,2148
936,male,92505
940,male,1879
944,male,92505
947,male,55311
951,male,83864
954,male,1879
960,male,1879
961,male,92505
962,male,92505
964,male,1879
965,male,92505
967,male,85140
970,male,1879
972,male,1879
975,male,92505
976,male,50314
977,male,2026
979,male,75074
980,male,46996
983,male,6489
986,male,29464
989,male,35904
990,male,37660
993,male,24557
994,male,11581
995,male,33024
996,male,33024
998,male,27516
1007,male,37643
1011,male,20903
1013,male,17404
1017,male,65714
1026,male,19601
1027,male,78227
1028,male,43953
1029,male,78227
1031,male,43953
1032,male,6851
1034,male,78227
1036,male,4957
1039,male,92109
1045,male,18109
1051,male,30907
1053,male,1945
1056,male,39730
1059,male,20853
1061,male,21213
1065,male,14701
1066,male,35020
1074,male,21229
1082,male,70374
1086,male,76028
1090,male,70374
1091,male,70374
1092,male,70374
1096,male,70374
1100,male,47240
1102,male,7758
1103,male,23513
1104,male,98199
1106,male,24477
1109,male,24477
1111,male,24477
1112,male,24477
1114,male,33313
1116,male,33436
1117,male,33334
1119,male,4938
1124,male,29571
1126,male,2148
1127,male,60623
1131,male,60623
1132,male,2148
1134,male,29571
1135,male,34785
1137,male,60623
1140,male,80401
1143,male,60623
1146,male,29571
1148,male,29571
1149,male,37049
1150,male,98199
1151,male,60623
1153,male,29571
1156,male,60623
1160,male,33578
1163,male,33578
1165,male,98199
1168,male,70454
1170,male,38079
1171,male,70454
1174,male,15061
1175,male,15061
1177,male,15061
1180,male,85037
1181,male,17028
1183,male,72834
1185,male,85037
1190,male,17028
1194,male,37052
1197,male,8527
1201,male,93308
1204,male,85205
1205,male,89101
1206,male,37766
1211,male,37766
1212,male,85205
1215,male,27534
1216,male,27534
1227,male,33137
1232,male,97222
1233,male,97222
1234,male,38571
1235,male,33137
1239,male,68005
1240,male,97222
1245,male,33137
1247,male,60585
1248,male,34785
1256,male,33137
1260,male,96792
1261,male,94043
1262,male,89031
1265,male,77389
1267,male,77389
1272,male,77389
1274,male,77389
1275,male,33137
1276,male,97754
1281,male,89031
1282,male,97754
1285,male,97754
1290,male,97754
1292,male,89031
1293,male,77029
1300,male,45218
1301,male,77029
1303,male,97754
1305,male,77339
1308,male,63366
1309,male,47596
1310,male,47596
1312,male,22192
1314,male,95765
1316,male,83864
1323,male,8060
1324,male,32526
1326,male,32526
1337,male,71075
1342,male,71075
1343,male,31093
1353,male,31093
1355,male,31093
1358,male,75501
1359,male,77029
1361,male,36301
1364,male,36301
1366,male,75501
1371,male,26280
1373,male,26280
1377,male,85037
1381,male,26508
1387,male,98043
1390,male,26508
1392,male,98043
1393,male,85037
1396,male,98043
1397,male,20705
1398,male,98043
1400,male,98043
1401,male,94533
1409,male,98043
1411,male,26508
1412,male,98043
1413,male,60110
1414,male,77029
1418,male,20705
1425,male,29073
1426,male,34448
1428,male,26508
1429,male,60110
1432,male,77029
1435,male,91915
1436,male,60110
1438,male,26508
1440,male,26508
1442,male,26508
1443,male,30120
1445,male,57104
1449,male,29306
1451,male,57104
1455,male,74948
1457,male,27203
1462,male,34711
1464,male,75702
1466,male,75702
1468,male,57104
1475,male,84044
1477,male,84044
1482,male,29340
1483,male,75702
1485,male,34711
1491,male,75702
1495,male,34711
1496,male,84044
1499,male,90710
1503,male,34711
1506,male,37052
1510,male,90710
1523,male,60452
1524,male,60452
1525,male,60452
1528,male,84044
1529,male,95111
1531,male,60452
1534,male,84044
1536,male,76126
1540,male,92701
1543,male,17202
1545,male,67501
1547,male,67501
1550,male,33313
1551,male,85225
1553,male,67501
1554,male,61101
1556,male,61101
1558,male,8043
1560,male,55311
1561,male,61101
1563,male,55311
1567,male,17202
1571,male,74011
1574,male,70401
1575,male,61101
1585,male,61101
1587,male,90011
1588,male,67501
1590,male,55311
1591,male,60452
1592,male,90011
1593,male,32054
1598,male,90011
1600,male,90011
1605,male,90011
1607,male,60452
1608,male,55311
1611,male,67501
1612,male,60452
1615,male,32054
1617,male,74368
1621,male,82435
1623,male,48141
1624,male,56031
1626,male,34711
1627,male,48141
1630,male,48141
1631,male,67501
1632,male,56031
1635,male,67501
1637,male,56031
1638,male,77494
1640,male,75402
1641,male,67501
1663,male,98043
1665,male,98036
1669,male,98043
1675,male,60502
1676,male,33060
1677,male,38655
1678,male,33060
1679,male,90011
1680,male,98043
1683,male,37918
1685,male,38063
1687,male,33060
1689,male,98043
1690,male,27263
1692,male,17202
1693,male,27263
1698,male,42501
1703,male,17202
1704,male,77037
1706,male,37918
1712,male,30019
1718,male,2148
1719,male,80011
1720,male,63628
1727,male,71430
1728,male,78130
1729,male,99701
1730,male,80011
1731,male,2148
1733,male,30019
1735,male,61604
1736,male,78109
1737,male,80011
1742,male,34746
1746,male,78109
1747,male,37918
1748,male,64801
1754,male,2148
1757,male,78130
1759,male,55311
1761,male,98043
1763,male,98043
1767,male,98043
1770,male,80011
1771,male,55311
1772,male,64801
1773,male,78130
1777,male,80011
1780,male,13750
1781,male,92532
1789,male,34741
1794,male,60643
1795,male,19140
1799,male,77386
1804,male,34741
1806,male,84604
1807,male,19140
1813,male,75233
1820,male,30153
1821,male,34741
1823,male,73801
1824,male,30153
1825,male,73801
1826,male,73801
1827,male,34741
1831,male,19140
1834,male,78130
1835,male,40228
1841,male,47715
1843,male,76234
1847,male,80234
1853,male,83402
1856,male,6489
1857,male,40228
1858,male,83402
1865,male,46406
1871,male,46406
1872,male,85037
1877,male,40228
1879,male,40228
1881,male,97222
1883,male,85037
1888,male,8060
1893,male,46406
1894,male,73801
1896,male,33446
1898,male,33446
1904,male,92691
1905,male,15370
1906,male,31021
1907,male,80751
1910,male,78028
1912,male,99508
1913,male,99508
1923,male,28412
1924,male,99508
1926,male,99508
1933,male,28412
1935,male,48745
1938,male,95519
1941,male,48745
1945,male,28412
1947,male,30241
1949,male,50317
1951,male,48745
1954,male,87732
1955,male,29468
1958,male,57067
1959,male,48745
1961,male,87732
1962,male,48745
1966,male,48745
1968,male,87732
1969,male,57067
1971,male,57067
1972,male,57067
1973,male,87732
1977,male,57067
1978,male,93035
1982,male,60188
1984,male,87732
1988,male,87732
1989,male,46217
1991,male,87732
1995,male,46217
2005,male,93312
2007,male,93312
2015,male,92115
2019,male,1841
2020,male,1841
2021,male,27288
2025,male,30096
2030,male,8086
2031,male,1841
2035,male,18109
2040,male,18109
2041,male,90002
2042,male,8901
2054,male,1841
2057,male,32608
2060,male,72764
2061,male,1841
2065,male,1841
2066,male,84044
2068,male,93035
2074,male,43228
2077,male,93035
2083,male,19403
2084,male,43525
2085,male,96003
2092,male,33777
2095,male,96003
2096,male,92887
2100,male,92887
2106,male,19403
2109,male,11003
2112,male,30132
2114,male,19403
2116,male,96003
2118,male,90660
2124,male,92109
2125,male,96003
2134,male,29583
2136,male,93001
2141,male,93001
2144,male,93001
2146,male,93035
2149,male,19403
2153,male,60657
2159,male,77433
2163,male,75092
2169,male,99004
2171,male,46227
2172,male,11220
2174,male,10460
2176,male,33101
2178,male,76522
2181,male,37128
2182,male,76522
2188,male,33023
2190,male,18201
2191,male,45338
2192,male,37128
2198,male,75092
2199,male,61726
2200,male,38703
2208,male,55311
2210,male,33616
2213,male,61726
2214,male,46227
2218,male,61726
2223,male,61726
2224,male,76522
2225,male,71851
2228,male,90604
2229,male,33616
2233,male,60443
2237,male,33616
2238,male,30477
2241,male,96003
2242,male,96003
2243,male,64840
2244,male,33616
2245,male,72764
2246,male,30477
2248,male,6234
2249,male,64840
2250,male,64840
2256,male,48911
2257,male,11751
2258,male,30477
2261,male,11751
2265,male,30477
2269,male,30477
2270,male,47714
2271,male,64840
2272,male,6877
2273,male,30132
2274,male,30477
2278,male,93001
2290,male,33411
2291,male,30132
2292,male,33411
2298,male,33773
2303,male,52033
2304,male,33411
2305,male,33773
2306,male,33773
2307,male,48473
2308,male,53081
2309,male,77502
2316,male,36271
2317,male,11751
2328,male,75402
2329,male,42749
2330,male,52033
2335,male,75402
2336,male,20853
2338,male,49437
2340,male,52033
2341,male,75402
2342,male,42749
2346,male,75402
2355,male,75402
2356,male,14701
2357,male,46032
2358,male,52033
2362,male,46032
2363,male,14701
2364,male,14701
2367,male,20853
2370,male,77471
2372,male,46032
2377,male,46032
2383,male,57067
2384,male,98516
2386,male,46405
2387,male,57067
2392,male,46406
2397,male,46406
2405,male,20833
2408,male,20833
2409,male,11751
2414,male,11950
2422,male,33974
2423,male,40601
2425,male,95667
2426,male,40601
2431,male,11950
2433,male,78133
2437,male,89032
2441,male,40601
2443,male,40601
2445,male,40601
2446,male,40601
2448,male,40601
2455,male,98682
2456,male,24201
2458,male,32621
2459,male,29464
2460,male,95961
2461,male,94526
2462,male,47905
2464,male,29464
2465,male,24201
2467,male,47905
2472,male,7663
2473,male,32621
2476,male,47905
2478,male,47905
2479,male,30071
2481,male,36312
2482,male,60618
2483,male,30071
2485,male,47905
2486,male,36051
2487,male,10805
2488,male,34474
2489,male,32621
2490,male,90230
2493,male,60618
2498,male,18509
2502,male,10805
2506,male,30071
2507,male,7663
2509,male,78227
2510,male,60618
2511,male,43302
2515,male,30071
2517,male,16101
2518,male,83336
2521,male,32621
2522,male,16101
2525,male,46221
2526,male,26032
2527,male,46221
2533,male,98682
2534,male,85140
2535,male,43302
2538,male,46221
2542,male,46221
2544,male,46221
2545,male,1845
2546,male,81007
2550,male,78227
2551,male,1845
2552,male,46221
2553,male,46221
2556,male,2760
2557,male,46221
2559,male,2760
2560,male,60618
2561,male,2760
2562,male,11751
2563,male,8096
2569,male,77336
2570,male,2760
2576,male,46406
2577,male,68801
2578,male,2760
2579,male,20004
2580,male,20004
2581,male,11751
2583,male,66104
2586,male,30034
2587,male,98683
2601,male,19966
2602,male,19966
2603,male,49507
2604,male,68801
2605,male,19966
2606,male,46406
2609,male,49507
2610,male,19966
2611,male,19966
2612,male,19966
2613,male,85140
2616,male,19966
2617,male,34667
2618,male,49507
2622,male,19966
2623,male,19966
2627,male,36083
2632,male,36083
2638,male,36083
2640,male,36083
2641,male,1845
2642,male,94565
2644,male,79424
2645,male,25839
2646,male,1845
2647,male,31029
2648,male,25839
2649,male,19602
2651,male,25839
2652,male,1845
2655,male,77581
2656,male,18064
2657,male,27408
2661,male,18064
2664,male,37166
2665,male,30132
2666,male,34667
2670,male,25839
2671,male,70816
2673,male,20772
2674,male,46406
2677,male,70816
2678,male,49858
2679,male,1610
2683,male,25839
2685,male,1610
2689,male,70816
2690,male,36083
2691,male,46217
2696,male,70816
2697,male,89138
2698,male,1610
2699,male,98661
2705,male,48047
2708,male,76018
2709,male,70816
2710,male,44129
2714,male,46217
2716,male,32817
2719,male,89138
2723,male,44129
2724,male,32817
2725,male,46217
2726,male,33009
2727,male,36083
2732,male,33141
2733,male,46217
2735,male,46217
2736,male,46217
2738,male,44129
2739,male,46217
2741,male,44129
2742,male,46217
2743,male,39643
2747,male,75234
2749,male,75234
2753,male,48047
2758,male,34474
2766,male,42754
2777,male,48047
2781,male,48047
2783,male,60543
2786,male,13041
2787,male,13041
2789,male,48047
2790,male,21213
2791,male,48047
2794,male,7017
2795,male,13041
2805,male,13041
2806,male,7017
2807,male,19530
2808,male,19530
2809,male,76528
2810,male,42754
2811,male,30024
2815,male,10460
2816,male,48017
2818,male,46307
2819,male,21213
2821,male,4401
2822,male,21213
2823,male,75243
2826,male,64836
2827,male,60163
2829,male,60163
2830,male,43081
2832,male,43081
2839,male,24266
2843,male,31709
2844,male,20783
2845,male,34772
2847,male,24266
2849,male,31709
2850,male,40051
2852,male,24266
2853,male,20783
2854,male,54235
2859,male,31709
2864,male,18017
2866,male,40051
2871,male,72764
2872,male,28216
2873,male,76039
2876,male,40051
2877,male,38801
2880,male,44301
2881,male,63110
2883,male,40051
2885,male,55449
2887,male,27263
2888,male,95367
2889,male,18017
2896,male,18017
2902,male,27263
2903,male,27263
2906,male,62203
2907,male,89103
2909,male,37849
2910,male,7107
2911,male,62203
2912,male,18017
2913,male,11373
2914,male,27263
2916,male,6605
2917,male,30101
2918,male,95367
2939,male,73112
2940,male,21120
2948,male,24557
2950,male,4938
2956,male,21120
2959,male,21120
2964,male,49835
2968,male,15650
2971,male,21619
2973,male,28906
2975,male,75092
2977,male,6605
2979,male,18064
2980,male,33063
2982,male,28328
2983,male,27534
2985,male,21619
2986,male,2131
2987,male,21120
2992,male,20165
2995,male,27534
3002,male,2131
3004,male,33063
3005,male,28328
3006,male,33012
3007,male,28328
3008,male,15650
3010,male,21120
3014,male,2131
3016,male,78934
3017,male,93725
3018,male,15650
3019,male,28328
3021,male,20165
3022,male,21120
3023,male,28328
3024,male,28328
3025,male,77450
3036,male,33063
3038,male,2131
3039,male,33012
3041,male,2131
3047,male,33480
3048,male,28906
3050,male,27516
3053,male,27534
3054,male,44313
3055,male,33480
3061,male,91702
3062,male,28906
3064,male,70816
3065,male,27534
3068,male,78210
3071,male,20165
3073,male,78210
3075,male,28906
3078,male,36330
3079,male,28906
3080,male,33881
3081,male,37130
3089,male,78210
3095,male,33610
3096,male,78210
3098,male,37130
3099,male,33063
3101,male,93010
3104,male,78210
3105,male,98272
3108,male,10805
3109,male,37130
3110,male,67401
3111,male,98272
3112,male,44256
3113,male,10805
3114,male,60187
3115,male,98272
3118,male,2302
3119,male,67401
3120,male,37130
3121,male,98272
3133,male,37130
3134,male,98272
3137,male,24201
3139,male,37130
3154,male,67401
3158,male,10805
3159,male,20011
3161,male,67401
3163,male,28037
3164,male,33417
3165,male,10805
3167,male,67401
3168,male,45601
3170,male,27516
3171,male,45601
3172,male,60625
3174,male,10805
3179,male,10805
3180,male,77433
3186,male,19021
3187,male,45601
3190,male,11552
3191,male,92083
3200,male,92083
3202,male,37660
3203,male,92083
3207,male,92083
3210,male,35803
3212,male,92083
3218,male,35803
3219,male,32204
3220,male,37660
3221,male,31709
3223,male,92083
3230,male,33012
3231,male,37660
3232,male,60502
3233,male,78572
3236,male,33012
3237,male,78572
3239,male,78572
3240,male,33012
3241,male,60435
3243,male,37660
3245,male,2760
3246,male,60502
3247,male,33012
3248,male,78572
3249,male,2760
3250,male,60435
3251,male,37660
3253,male,37660
3255,male,78572
3257,male,2760
3258,male,78572
3261,male,60502
3262,male,1610
3264,male,2131
3267,male,91306
3269,male,78572
3272,male,2760
3273,male,2760
3274,male,77433
3275,male,78572
3281,male,78249
3288,male,2131
3289,male,1610
3291,male,78249
3292,male,76116
3294,male,2131
3297,male,92887
3305,male,37660
3310,male,27517
3311,male,33181
3315,male,77038
3316,male,45177
3317,male,29020
3318,male,61054
3320,male,72601
3321,male,33012
3322,male,24736
3323,male,76544
3324,male,33415
3327,male,77433
3328,male,17404
3330,male,33415
3331,male,72601
3332,male,2131
3333,male,17404
3341,male,19145
3345,male,33415
3347,male,19145
3349,male,2131
3350,male,33411
3351,male,3741
3352,male,19145
3358,male,19145
3359,male,39501
3360,male,33411
3361,male,3741
3362,male,19145
3363,male,78249
3365,male,19145
3367,male,3741
3368,male,15224
3372,male,31907
3373,male,19145
3382,male,72601
3384,male,20603
3385,male,72601
3386,male,75092
3387,male,27529
3388,male,27529
3391,male,24201
3392,male,27529
3393,male,72601
3399,male,72601
3401,male,48223
3402,male,27529
3405,male,27529
3409,male,27529
3411,male,15236
3412,male,15236
3416,male,29601
3417,male,68512
3423,male,27529
3424,male,27529
3426,male,60502
3430,male,55433
3432,male,27889
3434,male,48223
3435,male,48223
3437,male,48223
3441,male,48223
3442,male,24557
3443,male,72227
3446,male,48223
3448,male,48223
3452,male,39564
3454,male,33311
3455,male,40051
3459,male,33610
3461,male,22191
3463,male,22191
3464,male,14580
3465,male,14580
3468,male,14580
3470,male,39730
3471,male,48858
3473,male,78244
3474,male,30114
3475,male,27534
3476,male,27534
3478,male,27534
3482,male,76114
3483,male,14623
3486,male,70816
3488,male,70816
3493,male,85202
3497,male,70816
3499,male,72903
3500,male,28425
3501,male,91977
3502,male,13676
3503,male,30815
3505,male,29583
3508,male,25839
3511,male,55437
3515,male,43331
3517,male,55372
3519,male,75789
3530,male,93551
3532,male,44256
3537,male,44256
3538,male,74145
3540,male,74145
3542,male,74145
3547,male,78586
3552,male,78586
3555,male,78586
3556,male,44256
3558,male,28134
3560,male,92227
3561,male,25839
3563,male,60435
3564,male,92227
3565,male,62203
3566,male,53703
3567,male,15009
3571,male,62203
3572,male,62203
3575,male,77701
3577,male,62203
3580,male,29611
3582,male,29611
3584,male,14222
3587,male,29611
3588,male,64127
3589,male,64127
3593,male,29611
3594,male,46226
3595,male,29611
3597,male,29611
3601,male,46222
3603,male,46222
3604,male,22191
3606,male,78228
3608,male,46222
3609,male,22191
3610,male,46222
3613,male,46222
3619,male,46222
3620,male,46222
3621,male,27869
3623,male,27869
3629,male,29583
3634,male,32703
3635,male,73018
3639,male,48312
3642,male,65757
3644,male,65757
3645,male,48312
3648,male,65757
3649,male,65757
3651,male,65757
3653,male,76528
3657,male,65757
3658,male,65757
3659,male,76528
3660,male,65757
3662,male,62644
3663,male,65757
3664,male,62644
3665,male,65757
3666,male,65757
3669,male,77037
3670,male,76103
3671,male,76103
3672,male,76103
3674,male,76103
3680,male,76103
3681,male,76103
3682,male,76103
3685,male,77037
3691,male,39440
3693,male,28216
3694,male,77657
3695,male,89032
3698,male,78210
3699,male,20002
3700,male,20002
3702,male,29642
3704,male,20002
3705,male,78723
3706,male,34747
3707,male,20002
3718,male,78723
3720,male,78723
3723,male,78723
3725,male,20002
3727,male,27589
3732,male,27589
3734,male,27589
3735,male,27589
3740,male,38134
3743,male,38134
3747,male,38134
3748,male,28801
3749,male,38134
3753,male,38134
3754,male,28801
3757,male,38134
3758,male,35044
3762,male,38134
3765,male,38134
3767,male,35044
3769,male,35044
3770,male,35044
3772,male,62025
3773,male,38134
3774,male,35044
3775,male,35044
3776,male,55441
3777,male,55441
3781,male,55441
3783,male,60502
3785,male,35044
3786,male,80816
3787,male,99006
3792,male,10469
3793,male,10469
3798,male,10469
3806,male,3104
3809,male,3104
3811,male,92010
3813,male,3104
3816,male,65301
3818,male,92010
3821,male,65301
3825,male,65301
3827,male,33156
3830,male,28422
3831,male,28422
3832,male,30252
3833,male,28422
3834,male,60502
3835,male,28422
3838,male,30252
3839,male,28422
3841,male,60502
3843,male,30252
3845,male,30252
3847,male,35803
3853,male,98520
3854,male,77831
3856,male,28422
3857,male,91910
3858,male,65301
3859,male,28422
3861,male,65301
3862,male,30252
3864,male,28422
3866,male,65301
3868,male,28422
3871,male,91910
3872,male,30252
3878,male,91910
3879,male,77831
3880,male,90291
3881,male,30252
3883,male,77831
3886,male,91910
3888,male,30252
3889,male,65301
3891,male,91910
3893,male,65301
3895,male,13676
3898,male,73122
3899,male,34614
3900,male,34614
3901,male,13676
3902,male,30906
3906,male,11369
3907,male,13676
3908,male,30906
3909,male,62203
3910,male,91910
3912,male,73122
3913,male,11369
3915,male,30906
3916,male,11369
3923,male,90291
3924,male,30906
3926,male,73122
3929,male,11369
3932,male,30906
3934,male,95220
3935,male,90291
3936,male,11369
3943,male,90291
3945,male,30906
3947,male,19140
3948,male,90291
3949,male,90291
3950,male,30906
3951,male,30906
3952,male,95220
3954,male,56031
3955,male,96707
3958,male,19140
3961,male,10004
3965,male,38008
3969,male,67052
3970,male,56031
3971,male,77581
3975,male,67052
3977,male,95220
3978,male,39071
3980,male,39071
3981,male,79045
3982,male,79045
3983,male,93308
3984,male,29642
3985,male,93308
3986,male,77099
3987,male,20782
3988,male,70592
3994,male,48219
3995,male,29642
3997,male,48219
4000,male,48219
4004,male,72227
4007,male,39501
4009,male,98661
4010,male,7465
4011,male,7107
4012,male,39501
4013,male,39501
4014,male,39501
4015,male,7107
4017,male,72227
4019,male,47374
4021,male,72227
4024,male,20165
4025,male,48219
4037,male,48219
4038,male,39073
4040,male,76017
4045,male,48219
4046,male,39073
4047,male,93923
4052,male,85225
4053,male,85225
4056,male,76017
4057,male,85225
4058,male,85225
4060,male,85225
4062,male,85225
4063,male,85225
4064,male,7107
4065,male,85225
4066,male,45209
4067,male,27869
4068,male,98661
4070,male,30558
4071,male,7107
4072,male,93923
4075,male,98661
4082,male,7107
4088,male,39073
4091,male,28518
4097,male,34759
4098,male,28518
4099,male,63401
4101,male,7107
4102,male,28518
4103,male,62702
4105,male,39073
4107,male,28518
4108,male,39073
4111,male,39073
4112,male,28518
4116,male,32176
4131,male,80816
4132,male,92691
4135,male,70560
4138,male,11224
4140,male,70560
4141,male,11224
4143,male,39073
4144,male,70560
4146,male,34759
4148,male,32725
4150,male,25839
4152,male,39073
4155,male,44509
4156,male,92691
4158,male,70560
4171,male,92691
4172,male,37811
4175,male,70560
4176,male,34759
4177,male,34759
4181,male,75149
4189,male,34759
4190,male,92691
4192,male,37811
4193,male,34759
4194,male,37811
4207,male,34759
4209,male,34759
4212,male,75149
4214,male,24293
4221,male,95667
4223,male,80816
4225,male,92691
4228,male,92691
4231,male,37811
4233,male,10011
4236,male,10011
4244,male,34667
4246,male,80816
4248,male,37811
4249,male,24293
4252,male,77015
4253,male,49835
4254,male,24293
4255,male,49835
4257,male,24293
4259,male,24293
4261,male,49835
4263,male,49835
4268,male,75028
4270,male,43623
4271,male,43623
4273,male,75028
4277,male,43623
4287,male,93308
1,non_binary,10977
5,non_binary,24095
8,non_binary,24095
13,non_binary,35006
15,non_binary,11354
20,non_binary,85140
23,non_binary,75228
26,non_binary,98409
29,non_binary,29461
31,non_binary,77656
33,non_binary,98409
35,non_binary,98409
39,non_binary,92109
41,non_binary,77407
42,non_binary,98409
45,non_binary,31411
48,non_binary,30238
49,non_binary,98409
52,non_binary,98409
57,non_binary,98409
66,non_binary,77450
70,non_binary,39740
71,non_binary,92336
72,non_binary,31320
75,non_binary,95123
76,non_binary,77656
78,non_binary,25705
83,non_binary,27408
89,non_binary,92336
110,non_binary,34753
116,non_binary,33584
117,non_binary,92336
120,non_binary,36551
123,non_binary,33584
125,non_binary,63653
133,non_binary,30907
135,non_binary,10458
140,non_binary,30907
147,non_binary,78109
149,non_binary,73159
156,non_binary,78109
158,non_binary,10458
165,non_binary,17602
167,non_binary,78109
169,non_binary,30907
170,non_binary,10456
176,non_binary,41835
178,non_binary,95330
187,non_binary,86406
191,non_binary,30907
193,non_binary,6051
198,non_binary,21229
199,non_binary,57325
201,non_binary,30180
203,non_binary,6051
209,non_binary,37087
213,non_binary,73110
215,non_binary,49307
220,non_binary,71909
221,non_binary,30907
223,non_binary,75402
225,non_binary,92019
231,non_binary,49307
238,non_binary,49307
240,non_binary,71909
247,non_binary,49307
249,non_binary,49307
256,non_binary,32431
258,non_binary,48167
260,non_binary,77388
261,non_binary,61101
267,non_binary,80503
269,non_binary,30215
278,non_binary,60016
282,non_binary,77388
284,non_binary,17512
289,non_binary,10311
290,non_binary,17512
292,non_binary,71909
294,non_binary,46368
298,non_binary,46368
312,non_binary,30215
314,non_binary,85034
317,non_binary,10469
319,non_binary,85034
320,non_binary,77388
321,non_binary,30215
324,non_binary,83704
325,non_binary,85034
327,non_binary,71909
329,non_binary,46561
331,non_binary,71909
333,non_binary,46561
334,non_binary,85297
335,non_binary,85034
344,non_binary,71909
349,non_binary,46561
351,non_binary,44106
354,non_binary,67601
358,non_binary,46561
359,non_binary,46561
361,non_binary,62441
362,non_binary,77388
366,non_binary,17512
368,non_binary,36551
371,non_binary,48167
376,non_binary,18052
383,non_binary,38587
384,non_binary,78109
387,non_binary,46947
388,non_binary,32801
391,non_binary,33313
392,non_binary,38587
394,male,77015
398,male,29571
406,male,92019
411,male,49508
412,male,92019
414,male,13060
416,male,89131
418,male,29571
421,male,21209
422,male,49508
423,male,90047
426,male,18017
427,non_binary,43081
428,non_binary,19134
430,non_binary,92860
437,non_binary,19134
440,non_binary,19134
441,non_binary,63640
442,female,19134
450,female,63640
455,female,76667
461,female,49508
462,female,29073
463,female,83704
465,female,32405
466,female,63640
468,female,95076
470,female,90005
473,female,32405
475,female,32405
485,female,43081
487,non_binary,29229
491,non_binary,77502
495,female,29229
497,non_binary,77502
505,non_binary,29229
506,non_binary,49508
507,non_binary,27410
514,non_binary,55721
515,non_binary,95076
517,non_binary,80022
519,non_binary,49508
523,non_binary,45203
524,non_binary,55721
526,non_binary,11201
529,non_binary,77502
531,non_binary,97211
533,non_binary,30045
537,non_binary,46406
542,non_binary,61102
551,non_binary,61102
555,non_binary,91709
557,non_binary,55721
559,non_binary,61102
567,non_binary,55721
572,non_binary,91709
576,,57719
577,female,29431
582,non_binary,36104
583,,48317
588,female,91789
590,,98002
593,female,91789
596,male,5086
597,,91789
598,female,6762
603,female,75211
604,male,5086
605,non_binary,75211
608,non_binary,60634
610,non_binary,75211
618,non_binary,75211
620,non_binary,61102
626,non_binary,75211
630,non_binary,8069
633,non_binary,60634
636,non_binary,8069
643,non_binary,8069
645,non_binary,75211
652,non_binary,75001
654,non_binary,55721
661,non_binary,27545
663,non_binary,19720
665,non_binary,75001
666,non_binary,75211
672,non_binary,27545
674,non_binary,75001
683,non_binary,27545
687,non_binary,27545
689,non_binary,27545
694,non_binary,27545
695,non_binary,21206
697,non_binary,27545
699,non_binary,27545
706,non_binary,21206
707,non_binary,91789
709,non_binary,44281
714,non_binary,52806
717,non_binary,62565
718,non_binary,52806
720,non_binary,52806
722,non_binary,89138
723,non_binary,61101
727,non_binary,62565
732,non_binary,13060
733,non_binary,75001
734,non_binary,44120
735,non_binary,75001
736,non_binary,25901
741,non_binary,66215
742,non_binary,42718
744,non_binary,44120
745,non_binary,61101
750,non_binary,60634
751,non_binary,60634
753,non_binary,20706
757,non_binary,34748
759,non_binary,28092
760,non_binary,62565
762,non_binary,34748
763,non_binary,77060
764,non_binary,28092
768,non_binary,28092
779,non_binary,32256
783,non_binary,32256
785,non_binary,5156
786,non_binary,32256
787,non_binary,5156
789,non_binary,32256
793,non_binary,77089
795,non_binary,6489
796,non_binary,62441
798,non_binary,46227
799,non_binary,63366
800,non_binary,27513
803,non_binary,77089
804,non_binary,29016
806,non_binary,93516
807,non_binary,28092
811,non_binary,6063
813,non_binary,75702
814,non_binary,34748
816,non_binary,35630
820,non_binary,78572
828,non_binary,33801
830,non_binary,36301
831,non_binary,36301
832,non_binary,27560
833,non_binary,2148
837,non_binary,11201
839,non_binary,2148
842,non_binary,27560
844,non_binary,26003
845,non_binary,36301
849,non_binary,32405
853,,4005
854,non_binary,36301
856,non_binary,26003
857,non_binary,1752
859,non_binary,36301
861,non_binary,26003
865,non_binary,29170
866,,26003
867,non_binary,29108
869,non_binary,8060
870,non_binary,50014
872,non_binary,48503
873,non_binary,48210
877,non_binary,98272
891,non_binary,49080
893,non_binary,29073
896,,50014
898,,14052
902,,14052
903,,50014
904,non_binary,50014
905,non_binary,82435
914,non_binary,50014
923,,84044
925,female,60156
927,non_binary,31709
931,,2148
934,female,2148
941,,1879
945,female,1879
949,male,1879
952,,1879
953,female,95240
957,female,1879
959,male,83864
966,non_binary,83864
971,non_binary,92505
974,non_binary,77037
984,non_binary,92505
987,non_binary,31316
991,non_binary,30096
992,non_binary,33024
1000,non_binary,26301
1001,non_binary,77037
1002,non_binary,72027
1005,non_binary,31316
1008,non_binary,92064
1012,,6489
1015,,78227
1018,,78227
1019,,83501
1020,non_binary,78227
1023,non_binary,78227
1024,non_binary,19083
1030,non_binary,55331
1037,non_binary,33437
1038,non_binary,89706
1040,,33556
1042,,92109
1043,non_binary,48150
1046,non_binary,23072
1047,non_binary,20783
1048,non_binary,44820
1049,non_binary,19601
1055,non_binary,27516
1057,non_binary,1945
1063,non_binary,14701
1070,non_binary,71438
1071,non_binary,71438
1077,,14701
1078,,71438
1085,,70374
1088,non_binary,70374
1089,non_binary,70374
1093,non_binary,70374
1095,non_binary,70374
1097,non_binary,30096
1099,non_binary,34711
1101,non_binary,34205
1113,non_binary,19136
1121,non_binary,88260
1123,non_binary,60623
1129,non_binary,29571
1130,non_binary,14213
1133,,29571
1138,female,29571
1141,non_binary,77803
1155,,29571
1157,female,77803
1159,,29571
1161,female,75218
1162,male,60623
1166,,20912
1169,female,70454
1172,female,15061
1176,male,93422
1178,non_binary,62995
1179,non_binary,85037
1184,non_binary,85037
1189,non_binary,98661
1191,non_binary,85037
1195,non_binary,37766
1198,non_binary,37766
1199,non_binary,37766
1200,non_binary,37766
1207,non_binary,37766
1213,,60452
1214,,60432
1217,,55420
1218,non_binary,60452
1222,non_binary,76522
1223,non_binary,29303
1225,non_binary,29303
1228,non_binary,38571
1231,non_binary,97222
1241,non_binary,97222
1251,non_binary,33137
1252,non_binary,33137
1253,non_binary,95826
1257,non_binary,89031
1259,,89031
1264,,89031
1269,non_binary,89031
1270,non_binary,77389
1273,non_binary,89031
1277,non_binary,89031
1279,non_binary,33137
1283,non_binary,97457
1284,non_binary,93725
1287,,77389
1288,,97754
1295,,33145
1297,non_binary,37052
1298,non_binary,89031
1299,non_binary,45218
1302,,45218
1306,,77339
1307,non_binary,63366
1311,non_binary,83864
1319,non_binary,71075
1327,non_binary,32526
1328,,71075
1332,non_binary,97754
1335,,71075
1338,,70501
1339,non_binary,70501
1341,non_binary,37013
1345,non_binary,75501
1346,non_binary,75501
1347,,71075
1348,female,71075
1349,non_binary,75501
1350,,71075
1352,female,71075
1356,,75033
1367,female,75501
1374,male,75033
1375,,85037
1379,female,20705
1383,female,26508
1388,male,75501
1402,non_binary,26508
1403,non_binary,85037
1404,non_binary,98043
1405,non_binary,98043
1407,non_binary,20705
1415,non_binary,60110
1416,non_binary,60110
1421,non_binary,60110
1423,non_binary,60110
1424,,60110
1431,,75501
1433,non_binary,26508
1434,non_binary,13750
1444,non_binary,77029
1446,non_binary,32825
1448,non_binary,57104
1450,non_binary,57104
1453,non_binary,57104
1458,non_binary,57104
1459,non_binary,75702
1461,,75702
1471,,34711
1473,non_binary,75702
1474,non_binary,34711
1476,,34711
1479,female,34711
1480,non_binary,37766
1481,,84044
1484,female,34711
1487,,75702
1488,female,75702
1490,male,34711
1497,,34711
1498,female,84044
1502,female,90710
1504,male,84044
1507,non_binary,67045
1508,non_binary,34711
1509,non_binary,84044
1513,,76126
1515,non_binary,26508
1516,non_binary,84044
1518,non_binary,60452
1520,non_binary,60452
1522,,33313
1532,non_binary,40047
1535,non_binary,40047
1541,non_binary,85140
1546,non_binary,17202
1548,non_binary,67501
1552,non_binary,75126
1555,non_binary,67501
1559,non_binary,61101
1562,non_binary,67501
1569,non_binary,61101
1573,non_binary,90011
1578,non_binary,90011
1579,non_binary,55311
1582,non_binary,90011
1586,,49507
1595,non_binary,61101
1601,,90011
1603,,75051
1606,non_binary,90001
1610,non_binary,55311
1613,non_binary,77494
1616,non_binary,90011
1619,non_binary,48141
1620,non_binary,48141
1625,non_binary,99701
1628,non_binary,82435
1633,non_binary,82435
1636,non_binary,82435
1642,non_binary,82435
1643,non_binary,46224
1644,non_binary,63118
1645,,67501
1647,,67501
1651,,37918
1653,non_binary,98043
1654,non_binary,37918
1658,non_binary,37918
1659,non_binary,77062
1670,non_binary,37918
1671,non_binary,98043
1682,,85042
1691,non_binary,37918
1694,non_binary,37918
1699,non_binary,37918
1701,non_binary,77037
1705,non_binary,33060
1707,non_binary,37918
1710,non_binary,76112
1711,non_binary,37918
1713,non_binary,92532
1714,,80011
1715,non_binary,99701
1716,non_binary,80011
1717,non_binary,76112
1722,non_binary,37918
1724,non_binary,80011
1726,non_binary,30019
1732,non_binary,95407
1734,,78130
1740,female,78109
1741,non_binary,48317
1743,,78130
1744,female,78109
1745,,80011
1750,female,78130
1751,male,78109
1752,,64801
1760,female,80011
1762,female,98043
1766,male,13440
1768,non_binary,78130
1769,non_binary,98043
1775,non_binary,80011
1778,non_binary,80011
1779,non_binary,92532
1782,non_binary,80011
1783,non_binary,80011
1786,non_binary,92532
1787,non_binary,92081
1788,non_binary,13750
1791,non_binary,34741
1792,non_binary,34746
1793,non_binary,19140
1797,non_binary,19140
1800,non_binary,60643
1801,non_binary,75126
1802,non_binary,11706
1808,non_binary,33024
1809,non_binary,76112
1811,non_binary,34741
1814,non_binary,34741
1818,non_binary,6489
1819,non_binary,19140
1829,non_binary,6489
1830,non_binary,19140
1832,non_binary,30577
1833,non_binary,94580
1838,non_binary,40228
1839,non_binary,92587
1840,non_binary,40228
1845,non_binary,11003
1850,non_binary,40228
1851,non_binary,6489
1852,non_binary,40228
1859,non_binary,40228
1860,non_binary,93638
1861,non_binary,83402
1862,non_binary,85037
1866,non_binary,97222
1867,non_binary,40228
1873,non_binary,38008
1876,non_binary,85037
1878,non_binary,46406
1884,non_binary,40228
1885,non_binary,40228
1887,non_binary,37643
1890,non_binary,46406
1892,non_binary,46406
1899,non_binary,97222
1900,non_binary,33446
1901,non_binary,8060
1902,non_binary,62286
1903,non_binary,8540
1911,non_binary,11751
1918,non_binary,77074
1919,non_binary,99508
1922,non_binary,28412
1925,non_binary,28412
1927,non_binary,23324
1928,non_binary,28412
1929,non_binary,19140
1931,non_binary,99508
1934,non_binary,10011
1936,non_binary,28412
1943,non_binary,28694
1946,non_binary,48745
1957,non_binary,45305
1975,non_binary,95388
1985,non_binary,60623
1986,non_binary,49835
1990,non_binary,60188
1994,non_binary,2860
1996,non_binary,92115
2000,non_binary,93312
2003,non_binary,36553
2004,non_binary,36553
2008,non_binary,36553
2009,non_binary,93312
2011,non_binary,72202
2012,non_binary,33054
2014,non_binary,92115
2016,,92115
2023,female,30096
2026,non_binary,1841
2027,,1841
2028,female,30096
2032,,87111
2033,female,32514
2034,male,30132
2036,,1841
2044,female,37917
2045,female,93035
2047,male,19401
2058,non_binary,93035
2063,non_binary,93035
2064,non_binary,72764
2067,non_binary,72764
2070,non_binary,10460
2071,non_binary,89032
2073,non_binary,45506
2076,non_binary,89032
2082,non_binary,96003
2086,non_binary,57067
2087,non_binary,43228
2089,non_binary,72764
2091,non_binary,93035
2098,non_binary,19403
2101,non_binary,19403
2103,non_binary,96003
2105,non_binary,29583
2107,non_binary,42633
2115,non_binary,29583
2117,non_binary,29583
2119,non_binary,19403
2120,non_binary,93001
2121,non_binary,29583
2122,non_binary,93001
2123,non_binary,29583
2127,non_binary,19403
2128,non_binary,93001
2129,non_binary,29583
2130,non_binary,93001
2131,non_binary,49503
2132,non_binary,29583
2133,non_binary,93001
2135,non_binary,96003
2137,non_binary,93001
2143,non_binary,93001
2147,non_binary,11751
2148,non_binary,42633
2151,non_binary,42633
2154,non_binary,75092
2156,non_binary,77433
2157,non_binary,33417
2162,female,96003
2166,female,42633
2167,non_binary,33463
2183,non_binary,37128
2185,non_binary,96003
2194,non_binary,33101
2196,non_binary,37128
2201,non_binary,38703
2204,non_binary,36303
2205,non_binary,76522
2206,non_binary,61726
2207,non_binary,61726
2212,non_binary,61726
2215,non_binary,76522
2216,non_binary,61726
2219,non_binary,33616
2220,non_binary,61726
2221,non_binary,46227
2230,non_binary,33417
2232,non_binary,55311
2235,non_binary,33616
2240,non_binary,96003
2251,non_binary,72764
2252,non_binary,30477
2254,non_binary,55720
2259,non_binary,77053
2262,non_binary,48911
2263,non_binary,25162
2275,non_binary,36693
2277,non_binary,92545
2279,non_binary,93001
2281,non_binary,33411
2283,non_binary,33411
2285,non_binary,33411
2286,,33411
2287,female,33411
2288,non_binary,33411
2293,,27604
2295,female,52033
2296,,91601
2300,female,77053
2301,male,52623
2310,,77502
2312,female,70661
2313,female,11751
2314,male,77502
2318,non_binary,27713
2322,,27713
2331,female,75402
2333,,20853
2345,female,14701
2347,male,49437
2348,,27410
2349,female,52033
2353,female,27410
2354,male,20853
2360,non_binary,14701
2361,non_binary,52033
2366,non_binary,46032
2369,non_binary,11378
2374,non_binary,11378
2376,non_binary,12203
2378,non_binary,12203
2379,non_binary,12203
2381,non_binary,32621
2385,female,11228
2388,female,14701
2389,female,27706
2394,female,57067
2395,non_binary,33186
2401,non_binary,1803
2403,non_binary,39401
2406,non_binary,78648
2419,non_binary,29464
2420,non_binary,23451
2421,non_binary,11950
2434,male,33974
2435,,11950
2440,female,37321
2454,female,40601
2466,male,47905
2468,non_binary,75647
2494,,46221
2495,non_binary,30071
2497,,47905
2508,female,60618
2512,non_binary,10805
2513,non_binary,11751
2539,male,46221
2540,,60618
2541,female,1845
2564,female,46221
2571,male,10805
2572,non_binary,32720
2588,,68801
2590,non_binary,85140
2592,,29669
2614,female,85041
2615,non_binary,81503
2620,non_binary,8086
2633,female,1845
2634,female,40336
2636,non_binary,8086
2637,female,36083
2653,female,31029
2654,non_binary,63123
2658,male,31029
2676,,1610
2680,female,64836
2686,female,70816
2700,male,44129
2703,non_binary,89138
2704,,32817
2713,male,46217
2720,,46217
2728,female,70816
2730,female,46217
2745,male,46217
2746,non_binary,98661
2748,,98661
2759,non_binary,33009
2764,,30421
2770,female,26354
2780,female,13041
2796,non_binary,46307
2797,non_binary,77581
2799,non_binary,7017
2804,non_binary,60163
2828,non_binary,40444
2831,non_binary,32408
2833,non_binary,14850
2851,non_binary,18017
2855,non_binary,31709
2858,male,18017
2882,,40051
2886,female,72601
2899,female,72601
2920,male,28610
2922,non_binary,6605
2924,,80011
2932,non_binary,80011
2941,,63601
2957,female,21120
2958,non_binary,24557
2961,male,21120
2965,,21619
2969,female,21120
2970,female,33063
2972,male,2131
2988,non_binary,28328
2989,male,33063
2994,,28328
3011,female,20165
3013,female,33012
3015,male,33063
3034,non_binary,21619
3057,,28906
3060,non_binary,27534
3067,,21619
3100,female,11224
3123,non_binary,37130
3125,,67401
3127,female,37130
3136,,98272
3140,female,10805
3145,male,92630
3146,,44256
3147,female,20603
3148,female,98272
3149,male,11756
3150,non_binary,67401
3155,,10805
3175,non_binary,45601
3178,,45601
3181,female,12205
3189,male,45601
3194,,92083
3197,female,92083
3209,female,37660
3224,male,92083
3225,non_binary,32204
3227,male,32204
3235,,37660
3268,female,78572
3276,female,2760
3277,male,27524
3299,non_binary,1610
3301,,77433
3304,non_binary,24736
3313,,24736
3334,female,82001
3335,non_binary,33415
3337,female,72601
3376,non_binary,82001
3377,non_binary,19145
3378,non_binary,33415
3394,,27529
3396,female,24201
3400,non_binary,27529
3419,,14224
3425,female,24557
3427,,36832
3433,female,72227
3445,male,48223
3449,,48223
3457,female,23704
3458,female,22191
3466,male,23704
3467,non_binary,2148
3477,non_binary,30114
3479,non_binary,27534
3480,non_binary,27534
3506,non_binary,13676
3514,non_binary,44256
3523,non_binary,34223
3529,non_binary,78586
3539,non_binary,3220
3541,non_binary,74145
3544,non_binary,78586
3550,non_binary,44256
3570,non_binary,47905
3573,non_binary,62203
3576,non_binary,47905
3596,non_binary,46222
3598,,29611
3612,female,95367
3615,non_binary,46222
3616,,46222
3618,female,27869
3624,non_binary,27869
3641,,8611
3646,female,65757
3650,non_binary,76528
3668,,62644
3673,female,77037
3675,,76103
3686,female,48141
3688,male,76103
3708,,20002
3709,non_binary,54751
3712,,20002
3739,female,27589
3741,non_binary,38134
3742,,38134
3752,female,38134
3756,,62025
3759,female,35044
3761,male,35044
3763,,15547
3764,female,62025
3768,female,15547
3788,male,35044
3791,non_binary,10469
3797,non_binary,10469
3814,,3104
3820,female,60502
3823,non_binary,60502
3836,,65301
3837,female,30252
3842,,65301
3852,female,65301
3865,male,77831
3869,,30252
3903,female,11369
3911,female,30906
3914,male,30906
3925,non_binary,90291
3927,non_binary,30906
3939,non_binary,90291
3956,non_binary,30906
3960,non_binary,30906
3962,,89031
3992,female,48219
3998,non_binary,30442
3999,,55372
4033,female,8053
4034,,48219
4039,female,7107
4078,male,7107
4079,,30558
4080,female,39073
4090,female,63401
4092,male,7107
4093,non_binary,7107
4094,non_binary,62702
4110,female,42101
4120,female,76013
4122,non_binary,80816
4136,,70560
4139,female,44509
4145,non_binary,75149
4161,,34759
4162,female,80816
4163,,70560
4166,female,34759
4167,male,34759
4168,,80816
4170,female,37811
4182,female,34759
4185,male,34759
4191,non_binary,70560
4202,female,34759
4205,,24293
4208,female,49835
4217,male,80816
4226,,99801
4229,female,24293
4237,female,4096
4243,male,4096
4274,non_binary,34667
4279,,43623
4280,female,75028